election_id;value;time
ID;None;0
UN;None;0
Impartial Culture_0;False;0
Impartial Culture_1;False;0
Impartial Culture_2;False;0
Impartial Culture_3;False;0
Impartial Culture_4;False;0
Impartial Culture_5;False;0
Impartial Culture_6;False;0
Impartial Culture_7;False;0
Impartial Culture_8;False;0
Impartial Culture_9;False;0
Impartial Culture_10;False;0
Impartial Culture_11;False;0
Impartial Culture_12;False;0
Impartial Culture_13;False;0
Impartial Culture_14;False;0
Impartial Culture_15;False;0
Impartial Culture_16;False;0
Impartial Culture_17;False;0
Impartial Culture_18;False;0
Impartial Culture_19;False;0
SP by Conitzer_0;False;0
SP by Conitzer_1;False;0
SP by Conitzer_2;False;0
SP by Conitzer_3;False;0
SP by Conitzer_4;False;0
SP by Conitzer_5;False;0
SP by Conitzer_6;False;0
SP by Conitzer_7;False;0
SP by Conitzer_8;False;0
SP by Conitzer_9;False;0
SP by Conitzer_10;False;0
SP by Conitzer_11;False;0
SP by Conitzer_12;False;0
SP by Conitzer_13;False;0
SP by Conitzer_14;False;0
SP by Conitzer_15;False;0
SP by Conitzer_16;False;0
SP by Conitzer_17;False;0
SP by Conitzer_18;False;0
SP by Conitzer_19;False;0
SP by Walsh_0;False;0
SP by Walsh_1;False;0
SP by Walsh_2;False;0
SP by Walsh_3;False;0
SP by Walsh_4;False;0
SP by Walsh_5;False;0
SP by Walsh_6;False;0
SP by Walsh_7;False;0
SP by Walsh_8;False;0
SP by Walsh_9;False;0
SP by Walsh_10;False;0
SP by Walsh_11;False;0
SP by Walsh_12;False;0
SP by Walsh_13;False;0
SP by Walsh_14;False;0
SP by Walsh_15;False;0
SP by Walsh_16;False;0
SP by Walsh_17;False;0
SP by Walsh_18;False;0
SP by Walsh_19;False;0
SPOC_0;False;0
SPOC_1;False;0
SPOC_2;False;0
SPOC_3;False;0
SPOC_4;False;0
SPOC_5;False;0
SPOC_6;False;0
SPOC_7;False;0
SPOC_8;False;0
SPOC_9;False;0
SPOC_10;False;0
SPOC_11;False;0
SPOC_12;False;0
SPOC_13;False;0
SPOC_14;False;0
SPOC_15;False;0
SPOC_16;False;0
SPOC_17;False;0
SPOC_18;False;0
SPOC_19;False;0
Single-Crossing_0;False;0
Single-Crossing_1;False;0
Single-Crossing_2;False;0
Single-Crossing_3;False;0
Single-Crossing_4;False;0
Single-Crossing_5;False;0
Single-Crossing_6;False;0
Single-Crossing_7;False;0
Single-Crossing_8;False;0
Single-Crossing_9;False;0
Single-Crossing_10;False;0
Single-Crossing_11;False;0
Single-Crossing_12;False;0
Single-Crossing_13;False;0
Single-Crossing_14;False;0
Single-Crossing_15;False;0
Single-Crossing_16;False;0
Single-Crossing_17;False;0
Single-Crossing_18;False;0
Single-Crossing_19;False;0
1D Uniform_0;False;0
1D Uniform_1;False;0
1D Uniform_2;False;0
1D Uniform_3;False;0
1D Uniform_4;False;0
1D Uniform_5;False;0
1D Uniform_6;False;0
1D Uniform_7;False;0
1D Uniform_8;False;0
1D Uniform_9;False;0
1D Uniform_10;False;0
1D Uniform_11;False;0
1D Uniform_12;False;0
1D Uniform_13;False;0
1D Uniform_14;False;0
1D Uniform_15;False;0
1D Uniform_16;False;0
1D Uniform_17;False;0
1D Uniform_18;False;0
1D Uniform_19;False;0
2D Uniform_0;False;0
2D Uniform_1;False;0
2D Uniform_2;False;0
2D Uniform_3;False;0
2D Uniform_4;False;0
2D Uniform_5;False;0
2D Uniform_6;False;0
2D Uniform_7;False;0
2D Uniform_8;False;0
2D Uniform_9;False;0
2D Uniform_10;False;0
2D Uniform_11;False;0
2D Uniform_12;False;0
2D Uniform_13;False;0
2D Uniform_14;False;0
2D Uniform_15;False;0
2D Uniform_16;False;0
2D Uniform_17;False;0
2D Uniform_18;False;0
2D Uniform_19;False;0
3D Uniform_0;False;0
3D Uniform_1;False;0
3D Uniform_2;False;0
3D Uniform_3;False;0
3D Uniform_4;False;0
3D Uniform_5;False;0
3D Uniform_6;False;0
3D Uniform_7;False;0
3D Uniform_8;False;0
3D Uniform_9;False;0
3D Uniform_10;False;0
3D Uniform_11;False;0
3D Uniform_12;False;0
3D Uniform_13;False;0
3D Uniform_14;False;0
3D Uniform_15;False;0
3D Uniform_16;False;0
3D Uniform_17;False;0
3D Uniform_18;False;0
3D Uniform_19;False;0
5D Uniform_0;False;0
5D Uniform_1;False;0
5D Uniform_2;False;0
5D Uniform_3;False;0
5D Uniform_4;False;0
5D Uniform_5;False;0
5D Uniform_6;False;0
5D Uniform_7;False;0
5D Uniform_8;False;0
5D Uniform_9;False;0
5D Uniform_10;False;0
5D Uniform_11;False;0
5D Uniform_12;False;0
5D Uniform_13;False;0
5D Uniform_14;False;0
5D Uniform_15;False;0
5D Uniform_16;False;0
5D Uniform_17;False;0
5D Uniform_18;False;0
5D Uniform_19;False;0
10D Uniform_0;False;0
10D Uniform_1;False;0
10D Uniform_2;False;0
10D Uniform_3;False;0
10D Uniform_4;False;0
10D Uniform_5;False;0
10D Uniform_6;False;0
10D Uniform_7;False;0
10D Uniform_8;False;0
10D Uniform_9;False;0
10D Uniform_10;False;0
10D Uniform_11;False;0
10D Uniform_12;False;0
10D Uniform_13;False;0
10D Uniform_14;False;0
10D Uniform_15;False;0
10D Uniform_16;False;0
10D Uniform_17;False;0
10D Uniform_18;False;0
10D Uniform_19;False;0
20D Uniform_0;False;0
20D Uniform_1;False;0
20D Uniform_2;False;0
20D Uniform_3;False;0
20D Uniform_4;False;0
20D Uniform_5;False;0
20D Uniform_6;False;0
20D Uniform_7;False;0
20D Uniform_8;False;0
20D Uniform_9;False;0
20D Uniform_10;False;0
20D Uniform_11;False;0
20D Uniform_12;False;0
20D Uniform_13;False;0
20D Uniform_14;False;0
20D Uniform_15;False;0
20D Uniform_16;False;0
20D Uniform_17;False;0
20D Uniform_18;False;0
20D Uniform_19;False;0
2D Sphere_0;False;0
2D Sphere_1;False;0
2D Sphere_2;False;0
2D Sphere_3;False;0
2D Sphere_4;False;0
2D Sphere_5;False;0
2D Sphere_6;False;0
2D Sphere_7;False;0
2D Sphere_8;False;0
2D Sphere_9;False;0
2D Sphere_10;False;0
2D Sphere_11;False;0
2D Sphere_12;False;0
2D Sphere_13;False;0
2D Sphere_14;False;0
2D Sphere_15;False;0
2D Sphere_16;False;0
2D Sphere_17;False;0
2D Sphere_18;False;0
2D Sphere_19;False;0
3D Sphere_0;False;0
3D Sphere_1;False;0
3D Sphere_2;False;0
3D Sphere_3;False;0
3D Sphere_4;False;0
3D Sphere_5;False;0
3D Sphere_6;False;0
3D Sphere_7;False;0
3D Sphere_8;False;0
3D Sphere_9;False;0
3D Sphere_10;False;0
3D Sphere_11;False;0
3D Sphere_12;False;0
3D Sphere_13;False;0
3D Sphere_14;False;0
3D Sphere_15;False;0
3D Sphere_16;False;0
3D Sphere_17;False;0
3D Sphere_18;False;0
3D Sphere_19;False;0
5D Sphere_0;False;0
5D Sphere_1;False;0
5D Sphere_2;False;0
5D Sphere_3;False;0
5D Sphere_4;False;0
5D Sphere_5;False;0
5D Sphere_6;False;0
5D Sphere_7;False;0
5D Sphere_8;False;0
5D Sphere_9;False;0
5D Sphere_10;False;0
5D Sphere_11;False;0
5D Sphere_12;False;0
5D Sphere_13;False;0
5D Sphere_14;False;0
5D Sphere_15;False;0
5D Sphere_16;False;0
5D Sphere_17;False;0
5D Sphere_18;False;0
5D Sphere_19;False;0
GS Balanced_0;False;0
GS Balanced_1;False;0
GS Balanced_2;False;0
GS Balanced_3;False;0
GS Balanced_4;False;0
GS Balanced_5;False;0
GS Balanced_6;False;0
GS Balanced_7;False;0
GS Balanced_8;False;0
GS Balanced_9;False;0
GS Balanced_10;False;0
GS Balanced_11;False;0
GS Balanced_12;False;0
GS Balanced_13;False;0
GS Balanced_14;False;0
GS Balanced_15;False;0
GS Balanced_16;False;0
GS Balanced_17;False;0
GS Balanced_18;False;0
GS Balanced_19;False;0
GS Caterpillar_0;True;0
GS Caterpillar_1;True;0
GS Caterpillar_2;True;0
GS Caterpillar_3;True;0
GS Caterpillar_4;True;0
GS Caterpillar_5;True;0
GS Caterpillar_6;True;0
GS Caterpillar_7;True;0
GS Caterpillar_8;True;0
GS Caterpillar_9;True;0
GS Caterpillar_10;True;0
GS Caterpillar_11;True;0
GS Caterpillar_12;True;0
GS Caterpillar_13;True;0
GS Caterpillar_14;True;0
GS Caterpillar_15;True;0
GS Caterpillar_16;True;0
GS Caterpillar_17;True;0
GS Caterpillar_18;True;0
GS Caterpillar_19;True;0
Urn_0;False;0
Urn_1;False;0
Urn_2;False;0
Urn_3;False;0
Urn_4;False;0
Urn_5;False;0
Urn_6;False;0
Urn_7;False;0
Urn_8;False;0
Urn_9;True;0
Urn_10;False;0
Urn_11;False;0
Urn_12;False;0
Urn_13;False;0
Urn_14;False;0
Urn_15;False;0
Urn_16;False;0
Urn_17;False;0
Urn_18;False;0
Urn_19;False;0
Urn_20;False;0
Urn_21;False;0
Urn_22;False;0
Urn_23;False;0
Urn_24;False;0
Urn_25;False;0
Urn_26;False;0
Urn_27;False;0
Urn_28;False;0
Urn_29;False;0
Urn_30;False;0
Urn_31;False;0
Urn_32;False;0
Urn_33;False;0
Urn_34;False;0
Urn_35;False;0
Urn_36;False;0
Urn_37;False;0
Urn_38;False;0
Urn_39;False;0
Urn_40;False;0
Urn_41;False;0
Urn_42;False;0
Urn_43;False;0
Urn_44;False;0
Urn_45;False;0
Urn_46;False;0
Urn_47;False;0
Urn_48;False;0
Urn_49;False;0
Urn_50;False;0
Urn_51;False;0
Urn_52;False;0
Urn_53;False;0
Urn_54;False;0
Urn_55;False;0
Urn_56;False;0
Urn_57;False;0
Urn_58;False;0
Urn_59;False;0
Urn_60;False;0
Urn_61;False;0
Urn_62;False;0
Urn_63;False;0
Urn_64;False;0
Urn_65;False;0
Urn_66;False;0
Urn_67;False;0
Urn_68;False;0
Urn_69;False;0
Urn_70;False;0
Urn_71;False;0
Urn_72;False;0
Urn_73;False;0
Urn_74;False;0
Urn_75;False;0
Urn_76;False;0
Urn_77;False;0
Urn_78;False;0
Urn_79;False;0
Norm-Mallows_0;False;0
Norm-Mallows_1;False;0
Norm-Mallows_2;False;0
Norm-Mallows_3;False;0
Norm-Mallows_4;False;0
Norm-Mallows_5;False;0
Norm-Mallows_6;False;0
Norm-Mallows_7;False;0
Norm-Mallows_8;False;0
Norm-Mallows_9;False;0
Norm-Mallows_10;False;0
Norm-Mallows_11;False;0
Norm-Mallows_12;False;0
Norm-Mallows_13;False;0
Norm-Mallows_14;False;0
Norm-Mallows_15;False;0
Norm-Mallows_16;False;0
Norm-Mallows_17;False;0
Norm-Mallows_18;False;0
Norm-Mallows_19;False;0
Norm-Mallows_20;False;0
Norm-Mallows_21;False;0
Norm-Mallows_22;False;0
Norm-Mallows_23;False;0
Norm-Mallows_24;False;0
Norm-Mallows_25;False;0
Norm-Mallows_26;False;0
Norm-Mallows_27;False;0
Norm-Mallows_28;False;0
Norm-Mallows_29;False;0
Norm-Mallows_30;False;0
Norm-Mallows_31;False;0
Norm-Mallows_32;False;0
Norm-Mallows_33;False;0
Norm-Mallows_34;False;0
Norm-Mallows_35;False;0
Norm-Mallows_36;False;0
Norm-Mallows_37;False;0
Norm-Mallows_38;False;0
Norm-Mallows_39;False;0
Norm-Mallows_40;False;0
Norm-Mallows_41;False;0
Norm-Mallows_42;False;0
Norm-Mallows_43;False;0
Norm-Mallows_44;False;0
Norm-Mallows_45;False;0
Norm-Mallows_46;False;0
Norm-Mallows_47;False;0
Norm-Mallows_48;False;0
Norm-Mallows_49;False;0
Norm-Mallows_50;False;0
Norm-Mallows_51;False;0
Norm-Mallows_52;False;0
Norm-Mallows_53;False;0
Norm-Mallows_54;False;0
Norm-Mallows_55;False;0
Norm-Mallows_56;False;0
Norm-Mallows_57;False;0
Norm-Mallows_58;False;0
Norm-Mallows_59;False;0
Norm-Mallows_60;False;0
Norm-Mallows_61;False;0
Norm-Mallows_62;False;0
Norm-Mallows_63;False;0
Norm-Mallows_64;False;0
Norm-Mallows_65;False;0
Norm-Mallows_66;False;0
Norm-Mallows_67;False;0
Norm-Mallows_68;False;0
Norm-Mallows_69;False;0
Norm-Mallows_70;False;0
Norm-Mallows_71;False;0
Norm-Mallows_72;False;0
Norm-Mallows_73;False;0
Norm-Mallows_74;False;0
Norm-Mallows_75;False;0
Norm-Mallows_76;False;0
Norm-Mallows_77;False;0
Norm-Mallows_78;False;0
Norm-Mallows_79;False;0
