election_id;value;time
ID;None;0
UN;None;0
Impartial Culture_0;4;0
Impartial Culture_1;3;0
Impartial Culture_2;4;0
Impartial Culture_3;3;0
Impartial Culture_4;2;0
Impartial Culture_5;2;0
Impartial Culture_6;3;0
Impartial Culture_7;4;0
Impartial Culture_8;3;0
Impartial Culture_9;4;0
Impartial Culture_10;3;0
Impartial Culture_11;2;0
Impartial Culture_12;5;0
Impartial Culture_13;4;0
Impartial Culture_14;4;0
Impartial Culture_15;2;0
Impartial Culture_16;4;0
Impartial Culture_17;4;0
Impartial Culture_18;4;0
Impartial Culture_19;2;0
SP by Conitzer_0;4;0
SP by Conitzer_1;4;0
SP by Conitzer_2;4;0
SP by Conitzer_3;3;0
SP by Conitzer_4;3;0
SP by Conitzer_5;4;0
SP by Conitzer_6;3;0
SP by Conitzer_7;3;0
SP by Conitzer_8;3;0
SP by Conitzer_9;3;0
SP by Conitzer_10;3;0
SP by Conitzer_11;4;0
SP by Conitzer_12;3;0
SP by Conitzer_13;4;0
SP by Conitzer_14;3;0
SP by Conitzer_15;4;0
SP by Conitzer_16;3;0
SP by Conitzer_17;3;0
SP by Conitzer_18;3;0
SP by Conitzer_19;3;0
SP by Walsh_0;3;0
SP by Walsh_1;2;0
SP by Walsh_2;2;0
SP by Walsh_3;2;0
SP by Walsh_4;3;0
SP by Walsh_5;2;0
SP by Walsh_6;2;0
SP by Walsh_7;2;0
SP by Walsh_8;2;0
SP by Walsh_9;2;0
SP by Walsh_10;2;0
SP by Walsh_11;2;0
SP by Walsh_12;2;0
SP by Walsh_13;2;0
SP by Walsh_14;3;0
SP by Walsh_15;3;0
SP by Walsh_16;3;0
SP by Walsh_17;2;0
SP by Walsh_18;2;0
SP by Walsh_19;2;0
SPOC_0;3;0
SPOC_1;4;0
SPOC_2;4;0
SPOC_3;3;0
SPOC_4;2;0
SPOC_5;3;0
SPOC_6;4;0
SPOC_7;3;0
SPOC_8;4;0
SPOC_9;2;0
SPOC_10;3;0
SPOC_11;3;0
SPOC_12;3;0
SPOC_13;3;0
SPOC_14;3;0
SPOC_15;3;0
SPOC_16;2;0
SPOC_17;3;0
SPOC_18;1;0
SPOC_19;3;0
Single-Crossing_0;2;0
Single-Crossing_1;2;0
Single-Crossing_2;3;0
Single-Crossing_3;3;0
Single-Crossing_4;3;0
Single-Crossing_5;1;0
Single-Crossing_6;2;0
Single-Crossing_7;2;0
Single-Crossing_8;2;0
Single-Crossing_9;3;0
Single-Crossing_10;3;0
Single-Crossing_11;2;0
Single-Crossing_12;1;0
Single-Crossing_13;2;0
Single-Crossing_14;2;0
Single-Crossing_15;1;0
Single-Crossing_16;1;0
Single-Crossing_17;2;0
Single-Crossing_18;3;0
Single-Crossing_19;2;0
1D Uniform_0;1;0
1D Uniform_1;3;0
1D Uniform_2;3;0
1D Uniform_3;3;0
1D Uniform_4;2;0
1D Uniform_5;3;0
1D Uniform_6;3;0
1D Uniform_7;3;0
1D Uniform_8;4;0
1D Uniform_9;4;0
1D Uniform_10;4;0
1D Uniform_11;3;0
1D Uniform_12;2;0
1D Uniform_13;3;0
1D Uniform_14;4;0
1D Uniform_15;2;0
1D Uniform_16;3;0
1D Uniform_17;3;0
1D Uniform_18;2;0
1D Uniform_19;2;0
2D Uniform_0;3;0
2D Uniform_1;3;0
2D Uniform_2;5;0
2D Uniform_3;3;0
2D Uniform_4;2;0
2D Uniform_5;3;0
2D Uniform_6;1;0
2D Uniform_7;2;0
2D Uniform_8;3;0
2D Uniform_9;4;0
2D Uniform_10;3;0
2D Uniform_11;3;0
2D Uniform_12;3;0
2D Uniform_13;4;0
2D Uniform_14;4;0
2D Uniform_15;4;0
2D Uniform_16;3;0
2D Uniform_17;3;0
2D Uniform_18;3;0
2D Uniform_19;5;0
3D Uniform_0;4;0
3D Uniform_1;4;0
3D Uniform_2;4;0
3D Uniform_3;2;0
3D Uniform_4;3;0
3D Uniform_5;1;0
3D Uniform_6;3;0
3D Uniform_7;4;0
3D Uniform_8;4;0
3D Uniform_9;4;0
3D Uniform_10;3;0
3D Uniform_11;3;0
3D Uniform_12;2;0
3D Uniform_13;3;0
3D Uniform_14;2;0
3D Uniform_15;3;0
3D Uniform_16;3;0
3D Uniform_17;2;0
3D Uniform_18;2;0
3D Uniform_19;2;0
5D Uniform_0;4;0
5D Uniform_1;2;0
5D Uniform_2;3;0
5D Uniform_3;1;0
5D Uniform_4;4;0
5D Uniform_5;1;0
5D Uniform_6;4;0
5D Uniform_7;4;0
5D Uniform_8;3;0
5D Uniform_9;4;0
5D Uniform_10;5;0
5D Uniform_11;4;0
5D Uniform_12;4;0
5D Uniform_13;3;0
5D Uniform_14;3;0
5D Uniform_15;2;0
5D Uniform_16;3;0
5D Uniform_17;4;0
5D Uniform_18;2;0
5D Uniform_19;2;0
10D Uniform_0;3;0
10D Uniform_1;5;0
10D Uniform_2;4;0
10D Uniform_3;4;0
10D Uniform_4;3;0
10D Uniform_5;3;0
10D Uniform_6;3;0
10D Uniform_7;4;0
10D Uniform_8;4;0
10D Uniform_9;3;0
10D Uniform_10;4;0
10D Uniform_11;2;0
10D Uniform_12;3;0
10D Uniform_13;4;0
10D Uniform_14;5;0
10D Uniform_15;5;0
10D Uniform_16;3;0
10D Uniform_17;5;0
10D Uniform_18;4;0
10D Uniform_19;3;0
20D Uniform_0;4;0
20D Uniform_1;5;0
20D Uniform_2;3;0
20D Uniform_3;3;0
20D Uniform_4;3;0
20D Uniform_5;3;0
20D Uniform_6;4;0
20D Uniform_7;5;0
20D Uniform_8;5;0
20D Uniform_9;5;0
20D Uniform_10;4;0
20D Uniform_11;4;0
20D Uniform_12;4;0
20D Uniform_13;2;0
20D Uniform_14;4;0
20D Uniform_15;5;0
20D Uniform_16;4;0
20D Uniform_17;4;0
20D Uniform_18;4;0
20D Uniform_19;4;0
2D Sphere_0;3;0
2D Sphere_1;4;0
2D Sphere_2;3;0
2D Sphere_3;2;0
2D Sphere_4;1;0
2D Sphere_5;4;0
2D Sphere_6;3;0
2D Sphere_7;4;0
2D Sphere_8;3;0
2D Sphere_9;3;0
2D Sphere_10;4;0
2D Sphere_11;3;0
2D Sphere_12;2;0
2D Sphere_13;3;0
2D Sphere_14;4;0
2D Sphere_15;3;0
2D Sphere_16;2;0
2D Sphere_17;3;0
2D Sphere_18;3;0
2D Sphere_19;3;0
3D Sphere_0;5;0
3D Sphere_1;3;0
3D Sphere_2;3;0
3D Sphere_3;3;0
3D Sphere_4;3;0
3D Sphere_5;3;0
3D Sphere_6;4;0
3D Sphere_7;2;0
3D Sphere_8;2;0
3D Sphere_9;3;0
3D Sphere_10;2;0
3D Sphere_11;4;0
3D Sphere_12;3;0
3D Sphere_13;2;0
3D Sphere_14;4;0
3D Sphere_15;4;0
3D Sphere_16;4;0
3D Sphere_17;2;0
3D Sphere_18;3;0
3D Sphere_19;4;0
5D Sphere_0;2;0
5D Sphere_1;3;0
5D Sphere_2;2;0
5D Sphere_3;4;0
5D Sphere_4;4;0
5D Sphere_5;3;0
5D Sphere_6;3;0
5D Sphere_7;3;0
5D Sphere_8;4;0
5D Sphere_9;2;0
5D Sphere_10;4;0
5D Sphere_11;3;0
5D Sphere_12;4;0
5D Sphere_13;3;0
5D Sphere_14;3;0
5D Sphere_15;3;0
5D Sphere_16;3;0
5D Sphere_17;3;0
5D Sphere_18;3;0
5D Sphere_19;3;0
GS Balanced_0;3;0
GS Balanced_1;2;0
GS Balanced_2;4;0
GS Balanced_3;3;0
GS Balanced_4;4;0
GS Balanced_5;4;0
GS Balanced_6;1;0
GS Balanced_7;4;0
GS Balanced_8;3;0
GS Balanced_9;2;0
GS Balanced_10;4;0
GS Balanced_11;2;0
GS Balanced_12;4;0
GS Balanced_13;2;0
GS Balanced_14;4;0
GS Balanced_15;2;0
GS Balanced_16;4;0
GS Balanced_17;4;0
GS Balanced_18;1;0
GS Balanced_19;2;0
GS Caterpillar_0;0;0
GS Caterpillar_1;1;0
GS Caterpillar_2;1;0
GS Caterpillar_3;3;0
GS Caterpillar_4;1;0
GS Caterpillar_5;1;0
GS Caterpillar_6;1;0
GS Caterpillar_7;1;0
GS Caterpillar_8;1;0
GS Caterpillar_9;2;0
GS Caterpillar_10;1;0
GS Caterpillar_11;1;0
GS Caterpillar_12;3;0
GS Caterpillar_13;2;0
GS Caterpillar_14;1;0
GS Caterpillar_15;1;0
GS Caterpillar_16;1;0
GS Caterpillar_17;1;0
GS Caterpillar_18;1;0
GS Caterpillar_19;2;0
Urn_0;1;0
Urn_1;1;0
Urn_2;3;0
Urn_3;1;0
Urn_4;2;0
Urn_5;1;0
Urn_6;1;0
Urn_7;1;0
Urn_8;1;0
Urn_9;1;0
Urn_10;4;0
Urn_11;1;0
Urn_12;2;0
Urn_13;3;0
Urn_14;1;0
Urn_15;3;0
Urn_16;1;0
Urn_17;2;0
Urn_18;4;0
Urn_19;1;0
Urn_20;1;0
Urn_21;1;0
Urn_22;3;0
Urn_23;3;0
Urn_24;3;0
Urn_25;5;0
Urn_26;2;0
Urn_27;2;0
Urn_28;3;0
Urn_29;1;0
Urn_30;1;0
Urn_31;3;0
Urn_32;1;0
Urn_33;1;0
Urn_34;1;0
Urn_35;1;0
Urn_36;0;0
Urn_37;1;0
Urn_38;1;0
Urn_39;1;0
Urn_40;1;0
Urn_41;4;0
Urn_42;1;0
Urn_43;1;0
Urn_44;2;0
Urn_45;1;0
Urn_46;2;0
Urn_47;4;0
Urn_48;3;0
Urn_49;3;0
Urn_50;1;0
Urn_51;2;0
Urn_52;2;0
Urn_53;1;0
Urn_54;1;0
Urn_55;1;0
Urn_56;2;0
Urn_57;1;0
Urn_58;1;0
Urn_59;2;0
Urn_60;1;0
Urn_61;1;0
Urn_62;2;0
Urn_63;1;0
Urn_64;1;0
Urn_65;2;0
Urn_66;2;0
Urn_67;1;0
Urn_68;1;0
Urn_69;1;0
Urn_70;1;0
Urn_71;1;0
Urn_72;2;0
Urn_73;5;0
Urn_74;2;0
Urn_75;1;0
Urn_76;1;0
Urn_77;1;0
Urn_78;1;0
Urn_79;1;0
Norm-Mallows_0;2;0
Norm-Mallows_1;1;0
Norm-Mallows_2;1;0
Norm-Mallows_3;1;0
Norm-Mallows_4;4;0
Norm-Mallows_5;4;0
Norm-Mallows_6;3;0
Norm-Mallows_7;1;0
Norm-Mallows_8;3;0
Norm-Mallows_9;3;0
Norm-Mallows_10;4;0
Norm-Mallows_11;1;0
Norm-Mallows_12;2;0
Norm-Mallows_13;1;0
Norm-Mallows_14;3;0
Norm-Mallows_15;2;0
Norm-Mallows_16;1;0
Norm-Mallows_17;4;0
Norm-Mallows_18;4;0
Norm-Mallows_19;1;0
Norm-Mallows_20;1;0
Norm-Mallows_21;1;0
Norm-Mallows_22;1;0
Norm-Mallows_23;1;0
Norm-Mallows_24;1;0
Norm-Mallows_25;1;0
Norm-Mallows_26;4;0
Norm-Mallows_27;3;0
Norm-Mallows_28;3;0
Norm-Mallows_29;4;0
Norm-Mallows_30;1;0
Norm-Mallows_31;4;0
Norm-Mallows_32;1;0
Norm-Mallows_33;1;0
Norm-Mallows_34;3;0
Norm-Mallows_35;3;0
Norm-Mallows_36;4;0
Norm-Mallows_37;3;0
Norm-Mallows_38;4;0
Norm-Mallows_39;2;0
Norm-Mallows_40;2;0
Norm-Mallows_41;1;0
Norm-Mallows_42;1;0
Norm-Mallows_43;4;0
Norm-Mallows_44;1;0
Norm-Mallows_45;1;0
Norm-Mallows_46;2;0
Norm-Mallows_47;1;0
Norm-Mallows_48;3;0
Norm-Mallows_49;1;0
Norm-Mallows_50;4;0
Norm-Mallows_51;2;0
Norm-Mallows_52;2;0
Norm-Mallows_53;4;0
Norm-Mallows_54;1;0
Norm-Mallows_55;1;0
Norm-Mallows_56;1;0
Norm-Mallows_57;1;0
Norm-Mallows_58;1;0
Norm-Mallows_59;3;0
Norm-Mallows_60;3;0
Norm-Mallows_61;3;0
Norm-Mallows_62;4;0
Norm-Mallows_63;1;0
Norm-Mallows_64;1;0
Norm-Mallows_65;2;0
Norm-Mallows_66;1;0
Norm-Mallows_67;3;0
Norm-Mallows_68;3;0
Norm-Mallows_69;1;0
Norm-Mallows_70;4;0
Norm-Mallows_71;2;0
Norm-Mallows_72;5;0
Norm-Mallows_73;2;0
Norm-Mallows_74;2;0
Norm-Mallows_75;1;0
Norm-Mallows_76;1;0
Norm-Mallows_77;3;0
Norm-Mallows_78;2;0
Norm-Mallows_79;2;0
