size;num_candidates;num_voters;model_id;params;color;alpha;family_id;marker;show
3;10;100;impartial_culture;{};black;1;Impartial Culture;o;t
3;10;100;iac;{};black;0.7;IAC;o;t
3;10;100;conitzer;{};limegreen;1;SP by Conitzer;o;t
3;10;100;walsh;{};olivedrab;1;SP by Walsh;o;t
3;10;100;spoc_conitzer;{};DarkRed;0.7;SPOC;o;t
3;10;100;group-separable;{};blue;1;Group-Separable;o;t
3;10;100;single-crossing;{};purple;0.6;Single-Crossing;o;t
3;10;100;1d_interval;{'dim': 1};DarkGreen;1;1D Interval;o;t
3;10;100;2d_disc;{'dim': 2};Green;1;2D Disc;o;t
3;10;100;3d_cube;{'dim': 3};ForestGreen;0.7;3D Cube;o;t
3;10;100;2d_sphere;{'dim': 2};black;0.2;2D Sphere;o;t
3;10;100;3d_sphere;{'dim': 3};black;0.4;3D Sphere;o;t
3;10;100;urn_model;{'alpha':0.1};yellow;1;Urn model_id 0.1;o;t
3;10;100;norm-mallows;{'norm-phi':0.5};blue;1;Norm-Mallows 0.5;o;t
3;10;100;urn_model;{'alpha':0};orange;1;Urn model_id (gamma);o;t
3;10;100;norm-mallows;{'norm-phi':0};cyan;1;Norm-Mallows (uniform);o;t
1;10;100;identity;{};blue;1;Identity;x;t
1;10;100;uniformity;{};black;1;Uniformity;x;t
1;10;100;antagonism;{};red;1;Antagonism;x;t
1;10;100;stratification;{};green;1;Stratification;x;t
1;10;100;walsh_matrix;{};olivedrab;1;Walsh Matrix;x;t
1;10;100;conitzer_matrix;{};limegreen;1;Conitzer Matrix;x;t
1;10;100;single-crossing_matrix;{};purple;0.6;Single-Crossing Matrix;x;t
1;10;100;gs_caterpillar_matrix;{};green;1;GS Caterpillar Matrix;x;t
