size;num_candidates;num_voters;model_id;params;color;alpha;family_id;marker;show;path;label
1;4;16;identity;{};blue;1;ID;o;t;{};ID
1;4;16;uniformity;{};black;1;UN;o;t;{};UN
0;4;16;antagonism;{};red;1;AN;o;t;{};AN
0;4;16;stratification;{};green;1;ST;o;t;{};ST
20;4;16;impartial_culture;{};black;1;Impartial Culture;o;t;{};Impartial Culture
20;4;16;conitzer;{};limegreen;1;SP by Conitzer;o;t;{};SP by Conitzer
20;4;16;walsh;{};olivedrab;1;SP by Walsh;o;t;{};SP by Walsh
20;4;16;spoc_conitzer;{};DarkRed;0.7;SPOC;o;t;{};SPOC
20;4;16;single-crossing;{};purple;0.6;Single-Crossing;o;t;{};Single-Crossing
20;4;16;euclidean;{'dim': 1, 'space': 'uniform'};DarkGreen;1;1D Uniform;o;t;{};1D Uniform
20;4;16;euclidean;{'dim': 2, 'space': 'uniform'};Green;1;2D Uniform;o;t;{};2D Uniform
20;4;16;euclidean;{'dim': 3, 'space': 'uniform'};ForestGreen;0.7;3D Uniform;o;t;{};3D Uniform
20;4;16;euclidean;{'dim': 5, 'space': 'uniform'};ForestGreen;0.7;5D Uniform;o;t;{};5D Uniform
20;4;16;euclidean;{'dim': 10, 'space': 'uniform'};ForestGreen;0.7;10D Uniform;o;t;{};10D Uniform
20;4;16;euclidean;{'dim': 20, 'space': 'uniform'};ForestGreen;0.7;20D Uniform;o;t;{};20D Uniform
20;4;16;euclidean;{'dim': 2, 'space': 'sphere'};black;0.2;2D Sphere;o;t;{};2D Sphere
20;4;16;euclidean;{'dim': 3, 'space': 'sphere'};black;0.4;3D Sphere;o;t;{};3D Sphere
20;4;16;euclidean;{'dim': 5, 'space': 'sphere'};black;0.4;5D Sphere;o;t;{};5D Sphere
20;4;16;group-separable;{'tree': 'balanced'};hotpink;0.6;GS Balanced;o;t;{};GS Balanced
20;4;16;group-separable;{'tree': 'caterpillar'};red;0.6;GS Caterpillar;o;t;{};GS Caterpillar
80;4;16;urn_model;{};orange;1;Urn;o;t;{};Urn
80;4;16;norm-mallows;{};blue;1;Norm-Mallows;o;t;{};Norm-Mallows
0;4;16;unid;{};blue;1;UNID;3;t;{'variable': 'alpha'};UNID
0;4;16;anid;{};black;1;ANID;3;t;{'variable': 'alpha'};ANID
0;4;16;stid;{};black;1;STID;3;t;{'variable': 'alpha'};STID
0;4;16;anun;{};black;1;ANUN;3;t;{'variable': 'alpha'};ANUN
0;4;16;stun;{};black;1;STUN;3;t;{'variable': 'alpha'};STUN
0;4;16;stan;{};red;1;STAN;3;t;{'variable': 'alpha'};STAN
