instance_id;x;y
ID;2.3136;0.34772
UN;0.26881;0.34772
AN;0.85683;1.23844
ST;1.77468;-0.43049
Impartial Culture_0;0.5776;0.20126
Impartial Culture_1;0.42692;0.5562
Impartial Culture_2;0.6288;0.37831
Impartial Culture_3;0.62658;0.14052
Impartial Culture_4;0.66357;0.31331
Impartial Culture_5;0.54461;0.15881
Impartial Culture_6;0.96647;0.55636
Impartial Culture_7;0.96004;0.19036
Impartial Culture_8;0.96733;-0.02037
Impartial Culture_9;0.71191;0.51715
Impartial Culture_10;0.50047;0.43592
Impartial Culture_11;0.38956;0.42693
Impartial Culture_12;0.78282;0.38883
Impartial Culture_13;0.555;0.18463
Impartial Culture_14;0.80334;0.1585
Impartial Culture_15;0.96728;0.0246
Impartial Culture_16;0.7824;0.20018
Impartial Culture_17;0.79794;0.37704
Impartial Culture_18;0.84829;0.62725
Impartial Culture_19;0.84391;0.43216
SP by Conitzer_0;1.26909;0.56865
SP by Conitzer_1;1.25968;0.24786
SP by Conitzer_2;1.41443;0.62185
SP by Conitzer_3;1.07242;0.75749
SP by Conitzer_4;1.21151;0.69871
SP by Conitzer_5;1.16285;0.49234
SP by Conitzer_6;1.24159;0.58708
SP by Conitzer_7;1.39064;0.4511
SP by Conitzer_8;1.10725;0.91382
SP by Conitzer_9;1.51446;0.24217
SP by Conitzer_10;1.24374;0.84966
SP by Conitzer_11;1.00233;0.92362
SP by Conitzer_12;1.36111;0.60053
SP by Conitzer_13;1.25609;0.80459
SP by Conitzer_14;1.26249;0.3759
SP by Conitzer_15;1.36307;0.46796
SP by Conitzer_16;1.0493;0.78186
SP by Conitzer_17;0.94591;0.84042
SP by Conitzer_18;1.14374;0.672
SP by Conitzer_19;1.28327;0.60556
SP by Walsh_0;1.48188;0.10541
SP by Walsh_1;1.40915;-0.06394
SP by Walsh_2;1.4821;0.06962
SP by Walsh_3;1.4132;0.45095
SP by Walsh_4;1.61023;0.12426
SP by Walsh_5;1.33029;0.03974
SP by Walsh_6;1.54196;-0.18841
SP by Walsh_7;1.59851;0.17222
SP by Walsh_8;1.4768;0.07062
SP by Walsh_9;1.31102;0.03833
SP by Walsh_10;1.41938;0.24555
SP by Walsh_11;1.43113;0.38757
SP by Walsh_12;1.41788;-0.07285
SP by Walsh_13;1.61998;0.26115
SP by Walsh_14;1.27511;-0.08327
SP by Walsh_15;1.55741;0.20935
SP by Walsh_16;1.31632;-0.10996
SP by Walsh_17;1.35962;-0.17806
SP by Walsh_18;1.53552;0.36418
SP by Walsh_19;1.40202;-0.22775
SPOC_0;0.99273;0.02794
SPOC_1;0.7992;0.17098
SPOC_2;0.80031;0.18604
SPOC_3;0.5971;0.60472
SPOC_4;0.55916;0.43549
SPOC_5;0.77483;0.42039
SPOC_6;0.53407;0.1656
SPOC_7;0.41116;0.29612
SPOC_8;1.32733;0.19015
SPOC_9;0.51991;0.64692
SPOC_10;0.40966;0.53301
SPOC_11;0.5053;0.42291
SPOC_12;0.79119;0.26785
SPOC_13;0.60074;0.38542
SPOC_14;0.67967;0.08157
SPOC_15;0.56152;0.65342
SPOC_16;0.71467;0.56905
SPOC_17;0.72014;0.18476
SPOC_18;0.9777;0.12043
SPOC_19;0.98886;-0.08233
Single-Crossing_0;1.26286;0.88842
Single-Crossing_1;1.02976;0.01368
Single-Crossing_2;1.17364;-0.27632
Single-Crossing_3;1.64528;-0.06421
Single-Crossing_4;1.15323;-0.05401
Single-Crossing_5;1.5372;0.39315
Single-Crossing_6;1.40952;-0.18225
Single-Crossing_7;1.63832;0.54742
Single-Crossing_8;1.49247;0.07858
Single-Crossing_9;1.43342;0.62581
Single-Crossing_10;1.5877;-0.05058
Single-Crossing_11;1.606;0.81265
Single-Crossing_12;1.7177;0.07789
Single-Crossing_13;1.09723;-0.21106
Single-Crossing_14;1.52241;-0.29125
Single-Crossing_15;1.71109;0.27008
Single-Crossing_16;1.12131;-0.21031
Single-Crossing_17;1.40818;-0.09103
Single-Crossing_18;1.7016;0.70797
Single-Crossing_19;1.56138;0.49242
1D Uniform_0;1.43921;1.00349
1D Uniform_1;1.53354;0.79157
1D Uniform_2;1.63667;1.02044
1D Uniform_3;1.21677;0.72506
1D Uniform_4;1.98595;0.5853
1D Uniform_5;1.06175;0.82057
1D Uniform_6;0.81705;1.07689
1D Uniform_7;1.65987;0.71941
1D Uniform_8;0.94643;0.89224
1D Uniform_9;1.60322;0.55734
1D Uniform_10;0.80459;0.95663
1D Uniform_11;0.95115;1.08757
1D Uniform_12;2.1134;0.23741
1D Uniform_13;1.55293;0.81986
1D Uniform_14;1.37314;0.78717
1D Uniform_15;1.77562;0.59678
1D Uniform_16;0.96991;0.65823
1D Uniform_17;1.76087;0.90461
1D Uniform_18;1.2353;0.87518
1D Uniform_19;0.80509;0.87043
2D Uniform_0;1.76454;0.26715
2D Uniform_1;1.89352;0.44393
2D Uniform_2;0.95886;-0.15777
2D Uniform_3;1.28733;0.59358
2D Uniform_4;1.13857;0.54972
2D Uniform_5;1.0993;0.62765
2D Uniform_6;1.42294;0.77762
2D Uniform_7;1.03572;0.39805
2D Uniform_8;0.49071;0.12439
2D Uniform_9;1.3528;0.76004
2D Uniform_10;0.80399;0.19365
2D Uniform_11;1.43403;0.8176
2D Uniform_12;0.58041;0.64403
2D Uniform_13;1.29836;0.20795
2D Uniform_14;0.83154;0.08656
2D Uniform_15;1.5415;0.39068
2D Uniform_16;1.10357;0.61524
2D Uniform_17;0.8093;0.85723
2D Uniform_18;0.89937;1.01564
2D Uniform_19;0.98965;0.05607
3D Uniform_0;0.98023;0.54078
3D Uniform_1;0.68938;0.0968
3D Uniform_2;1.3935;0.95314
3D Uniform_3;1.15694;0.47091
3D Uniform_4;1.21042;1.0301
3D Uniform_5;1.56165;-0.13205
3D Uniform_6;1.39071;0.56975
3D Uniform_7;0.67582;0.5448
3D Uniform_8;1.27664;0.1883
3D Uniform_9;0.58398;0.66481
3D Uniform_10;1.55724;0.02893
3D Uniform_11;0.69774;0.37134
3D Uniform_12;1.57455;0.53153
3D Uniform_13;1.55595;0.23016
3D Uniform_14;1.12928;-0.04739
3D Uniform_15;0.88133;0.59155
3D Uniform_16;1.13652;0.12623
3D Uniform_17;0.81276;0.68838
3D Uniform_18;1.24457;0.36163
3D Uniform_19;0.91172;0.67669
5D Uniform_0;0.95204;0.66907
5D Uniform_1;0.92209;0.1871
5D Uniform_2;0.72766;-0.06218
5D Uniform_3;1.1811;0.33559
5D Uniform_4;1.05209;0.36895
5D Uniform_5;1.14503;0.67273
5D Uniform_6;1.13259;0.12364
5D Uniform_7;1.56678;0.00846
5D Uniform_8;1.26477;0.56582
5D Uniform_9;0.97831;0.25871
5D Uniform_10;1.50722;0.0926
5D Uniform_11;0.82232;0.19443
5D Uniform_12;0.64926;0.03389
5D Uniform_13;0.54665;0.16153
5D Uniform_14;0.6078;0.3985
5D Uniform_15;1.11628;0.17197
5D Uniform_16;0.79021;0.19038
5D Uniform_17;0.39573;0.28298
5D Uniform_18;1.04567;0.60963
5D Uniform_19;1.34209;-0.22485
10D Uniform_0;0.75661;0.22309
10D Uniform_1;1.15451;0.14906
10D Uniform_2;1.32093;0.04135
10D Uniform_3;1.07134;0.76274
10D Uniform_4;1.31297;0.03667
10D Uniform_5;0.71759;0.55443
10D Uniform_6;1.25305;-0.09199
10D Uniform_7;0.7403;0.73782
10D Uniform_8;0.64132;0.32635
10D Uniform_9;0.94814;0.14159
10D Uniform_10;1.12409;0.1618
10D Uniform_11;1.20077;0.51782
10D Uniform_12;1.15952;0.32523
10D Uniform_13;0.9281;-0.06358
10D Uniform_14;0.80686;-0.03173
10D Uniform_15;0.93383;-0.12819
10D Uniform_16;1.12226;-0.03395
10D Uniform_17;1.25213;0.36801
10D Uniform_18;1.33097;0.35527
10D Uniform_19;1.09761;-0.17664
20D Uniform_0;1.46744;0.10108
20D Uniform_1;0.59778;0.76394
20D Uniform_2;0.93222;0.13285
20D Uniform_3;0.69242;0.33963
20D Uniform_4;1.15491;-0.05252
20D Uniform_5;0.93268;-0.1761
20D Uniform_6;0.5475;0.43373
20D Uniform_7;0.95651;-0.2236
20D Uniform_8;1.30051;0.02937
20D Uniform_9;0.83316;0.42322
20D Uniform_10;0.70727;0.58464
20D Uniform_11;1.16546;0.16389
20D Uniform_12;1.10183;-0.20642
20D Uniform_13;1.00077;0.0019
20D Uniform_14;1.09902;-0.05109
20D Uniform_15;0.66378;0.0965
20D Uniform_16;1.23269;-0.02052
20D Uniform_17;1.48756;-0.08369
20D Uniform_18;0.88657;0.47779
20D Uniform_19;1.46235;0.05709
2D Sphere_0;0.62237;0.79964
2D Sphere_1;1.08142;0.79854
2D Sphere_2;0.47278;0.70719
2D Sphere_3;0.87033;0.96743
2D Sphere_4;0.55644;0.65065
2D Sphere_5;0.96687;0.82363
2D Sphere_6;0.74893;0.81895
2D Sphere_7;0.52084;0.65987
2D Sphere_8;0.65495;1.0033
2D Sphere_9;1.35965;0.40783
2D Sphere_10;0.93738;0.6034
2D Sphere_11;0.54001;0.59254
2D Sphere_12;0.55883;0.66049
2D Sphere_13;0.74384;0.56518
2D Sphere_14;0.72684;0.82287
2D Sphere_15;0.82675;0.4239
2D Sphere_16;0.69923;0.70869
2D Sphere_17;0.98754;0.30339
2D Sphere_18;0.63512;0.04741
2D Sphere_19;0.7098;0.56457
3D Sphere_0;0.55058;0.83168
3D Sphere_1;1.14732;0.22612
3D Sphere_2;0.56347;0.81575
3D Sphere_3;0.60287;0.58158
3D Sphere_4;0.81141;0.35359
3D Sphere_5;0.57423;0.79813
3D Sphere_6;0.57595;0.22848
3D Sphere_7;1.04905;0.47222
3D Sphere_8;0.81147;0.70218
3D Sphere_9;0.39844;0.56619
3D Sphere_10;0.97748;-0.01013
3D Sphere_11;0.73172;0.76861
3D Sphere_12;0.71766;0.55101
3D Sphere_13;0.53214;0.41932
3D Sphere_14;0.63625;0.29369
3D Sphere_15;0.88323;0.791
3D Sphere_16;1.2526;0.78506
3D Sphere_17;0.57785;0.44349
3D Sphere_18;0.66632;0.07801
3D Sphere_19;0.97162;0.62606
5D Sphere_0;0.56664;0.21483
5D Sphere_1;0.81925;-0.02088
5D Sphere_2;0.75746;0.57278
5D Sphere_3;1.327;-0.11074
5D Sphere_4;0.43863;0.55095
5D Sphere_5;1.19509;0.16091
5D Sphere_6;0.71039;0.09512
5D Sphere_7;0.58447;0.42597
5D Sphere_8;0.55127;0.60399
5D Sphere_9;0.84212;0.68512
5D Sphere_10;0.59272;0.2486
5D Sphere_11;1.13509;0.32596
5D Sphere_12;0.40865;0.54562
5D Sphere_13;1.30793;0.76302
5D Sphere_14;0.4276;0.48535
5D Sphere_15;0.43532;0.46249
5D Sphere_16;0.54483;0.60029
5D Sphere_17;0.73789;0.58331
5D Sphere_18;0.81289;0.74264
5D Sphere_19;0.84102;0.44583
GS Balanced_0;0.38467;0.27602
GS Balanced_1;0.7914;0.36238
GS Balanced_2;0.45898;0.27498
GS Balanced_3;0.68487;0.04986
GS Balanced_4;1.13414;-0.06313
GS Balanced_5;1.30532;-0.19126
GS Balanced_6;0.8298;0.37986
GS Balanced_7;0.46537;0.31233
GS Balanced_8;0.72254;0.11452
GS Balanced_9;1.01279;0.49967
GS Balanced_10;0.38203;0.3158
GS Balanced_11;0.59955;0.23444
GS Balanced_12;0.89757;-0.0363
GS Balanced_13;1.09556;-0.11173
GS Balanced_14;0.39582;0.26064
GS Balanced_15;0.98993;0.16239
GS Balanced_16;0.52382;0.42347
GS Balanced_17;0.36549;0.51011
GS Balanced_18;1.17018;-0.02958
GS Balanced_19;0.43098;0.30379
GS Caterpillar_0;1.13615;0.97853
GS Caterpillar_1;1.28764;0.77689
GS Caterpillar_2;0.83506;0.78308
GS Caterpillar_3;1.10435;0.80755
GS Caterpillar_4;0.50355;0.85096
GS Caterpillar_5;1.33232;0.7162
GS Caterpillar_6;1.12099;0.94285
GS Caterpillar_7;0.70669;0.82442
GS Caterpillar_8;1.24998;0.61473
GS Caterpillar_9;0.94974;0.87687
GS Caterpillar_10;0.96951;0.84099
GS Caterpillar_11;0.78865;0.79584
GS Caterpillar_12;1.07879;0.75506
GS Caterpillar_13;1.54097;0.83392
GS Caterpillar_14;1.2176;0.83587
GS Caterpillar_15;1.03321;0.95678
GS Caterpillar_16;0.81235;0.9375
GS Caterpillar_17;0.54882;0.85174
GS Caterpillar_18;0.89281;0.80651
GS Caterpillar_19;0.8462;0.96192
Urn_0;1.31661;-0.2126
Urn_1;1.78214;0.13028
Urn_2;1.78487;0.64494
Urn_3;1.6133;1.00548
Urn_4;1.36301;0.92712
Urn_5;1.88473;0.75411
Urn_6;1.65712;0.69965
Urn_7;1.73843;-0.08349
Urn_8;0.55124;0.44488
Urn_9;1.81465;0.68134
Urn_10;1.58368;0.44594
Urn_11;1.84251;-0.17246
Urn_12;0.73138;0.13407
Urn_13;0.76533;0.83515
Urn_14;0.88272;0.16972
Urn_15;0.67914;0.94158
Urn_16;0.80055;-0.02193
Urn_17;0.92559;0.66819
Urn_18;1.5009;1.06073
Urn_19;1.01368;0.57115
Urn_20;1.7449;0.53611
Urn_21;1.01689;0.33354
Urn_22;1.92129;0.60818
Urn_23;1.42656;0.90202
Urn_24;1.19017;0.38604
Urn_25;2.31661;0.34252
Urn_26;0.5543;0.27235
Urn_27;2.1053;0.41264
Urn_28;1.63687;0.71149
Urn_29;2.18976;0.59408
Urn_30;1.45848;0.61101
Urn_31;1.03754;0.62841
Urn_32;0.85402;0.94788
Urn_33;0.93942;0.09418
Urn_34;0.72991;-0.03735
Urn_35;1.67111;0.73044
Urn_36;1.22075;0.98252
Urn_37;1.29324;0.05664
Urn_38;0.53913;0.43566
Urn_39;2.10666;0.69198
Urn_40;0.8266;0.75899
Urn_41;1.18414;0.3902
Urn_42;2.3263;0.40157
Urn_43;0.99864;0.92342
Urn_44;0.90419;0.49898
Urn_45;2.22448;0.56119
Urn_46;2.34437;0.36252
Urn_47;1.60187;0.51819
Urn_48;1.22686;0.82201
Urn_49;1.45649;0.81965
Urn_50;1.75911;0.68837
Urn_51;1.36812;1.00927
Urn_52;1.49594;0.607
Urn_53;2.31352;0.3476
Urn_54;1.25331;0.56028
Urn_55;0.66046;0.34094
Urn_56;1.12457;0.09477
Urn_57;2.19171;0.62714
Urn_58;1.72027;0.86065
Urn_59;2.11125;0.25301
Urn_60;1.49628;0.63627
Urn_61;0.76442;-0.14378
Urn_62;1.09087;0.96872
Urn_63;1.40512;0.39626
Urn_64;2.02603;0.67213
Urn_65;1.86838;0.80968
Urn_66;2.22876;0.61095
Urn_67;1.47104;0.64069
Urn_68;1.20176;-0.25834
Urn_69;0.90763;-0.0563
Urn_70;1.7731;-0.18174
Urn_71;1.00295;0.54243
Urn_72;0.5896;0.83126
Urn_73;0.64387;0.05963
Urn_74;2.3465;0.35529
Urn_75;1.92427;0.28683
Urn_76;1.44223;0.93858
Urn_77;1.51171;0.66316
Urn_78;1.24021;1.11501
Urn_79;1.71914;0.43143
Norm-Mallows_0;1.47321;0.11114
Norm-Mallows_1;1.24025;0.3745
Norm-Mallows_2;1.29673;0.04246
Norm-Mallows_3;1.59506;0.22467
Norm-Mallows_4;2.099;0.40584
Norm-Mallows_5;1.30027;0.21376
Norm-Mallows_6;1.52969;0.23574
Norm-Mallows_7;1.97772;-0.10634
Norm-Mallows_8;0.76399;0.36645
Norm-Mallows_9;1.67459;0.26216
Norm-Mallows_10;2.28402;0.2925
Norm-Mallows_11;1.63406;0.51085
Norm-Mallows_12;0.72108;0.55879
Norm-Mallows_13;1.10498;0.23638
Norm-Mallows_14;1.95728;0.26721
Norm-Mallows_15;0.90469;-0.13572
Norm-Mallows_16;1.17193;0.11277
Norm-Mallows_17;1.04825;0.37963
Norm-Mallows_18;2.36802;0.34344
Norm-Mallows_19;2.06875;0.39525
Norm-Mallows_20;0.87323;0.49482
Norm-Mallows_21;1.56804;-0.13128
Norm-Mallows_22;0.95516;0.14805
Norm-Mallows_23;1.27563;0.18809
Norm-Mallows_24;1.59716;-0.16061
Norm-Mallows_25;1.15371;-0.04432
Norm-Mallows_26;1.88695;0.1207
Norm-Mallows_27;1.90552;0.46347
Norm-Mallows_28;1.44199;0.23498
Norm-Mallows_29;1.6913;0.02211
Norm-Mallows_30;0.85009;-0.05699
Norm-Mallows_31;0.79145;0.09693
Norm-Mallows_32;2.11313;0.255
Norm-Mallows_33;2.0974;0.75193
Norm-Mallows_34;1.8867;0.06698
Norm-Mallows_35;2.34619;0.35349
Norm-Mallows_36;1.74557;0.2787
Norm-Mallows_37;0.66802;0.38795
Norm-Mallows_38;2.20241;0.11702
Norm-Mallows_39;1.76917;0.52511
Norm-Mallows_40;1.83;0.27219
Norm-Mallows_41;1.95823;0.11165
Norm-Mallows_42;1.28586;0.22334
Norm-Mallows_43;2.02391;0.15616
Norm-Mallows_44;2.14748;0.06876
Norm-Mallows_45;2.00987;-0.11053
Norm-Mallows_46;2.31658;0.34197
Norm-Mallows_47;1.58376;0.2183
Norm-Mallows_48;1.78852;0.26069
Norm-Mallows_49;2.16107;0.16495
Norm-Mallows_50;0.87583;0.41383
Norm-Mallows_51;0.68617;0.1145
Norm-Mallows_52;2.33816;0.39944
Norm-Mallows_53;2.35056;0.3529
Norm-Mallows_54;0.47067;0.31131
Norm-Mallows_55;2.34361;0.35251
Norm-Mallows_56;1.00806;0.21051
Norm-Mallows_57;1.26932;0.38618
Norm-Mallows_58;1.96778;0.15604
Norm-Mallows_59;1.06408;0.29614
Norm-Mallows_60;1.91925;0.76705
Norm-Mallows_61;1.65;-0.00596
Norm-Mallows_62;0.67436;0.32955
Norm-Mallows_63;2.19317;0.5214
Norm-Mallows_64;1.36906;0.23489
Norm-Mallows_65;0.96893;0.13435
Norm-Mallows_66;1.74065;0.046
Norm-Mallows_67;1.68257;0.12175
Norm-Mallows_68;0.93015;0.13001
Norm-Mallows_69;0.74379;0.51625
Norm-Mallows_70;1.3183;-0.29461
Norm-Mallows_71;0.99354;-0.17625
Norm-Mallows_72;1.72731;-0.00949
Norm-Mallows_73;1.56329;-0.06296
Norm-Mallows_74;0.66758;0.10895
Norm-Mallows_75;2.18928;0.22811
Norm-Mallows_76;1.73648;0.09568
Norm-Mallows_77;0.44419;0.14628
Norm-Mallows_78;1.74651;0.42067
Norm-Mallows_79;1.40326;0.8815
UNID_0;2.26176;0.50882
UNID_1;2.20338;0.51608
UNID_2;2.11479;0.45821
UNID_3;2.04755;0.47823
UNID_4;1.97159;0.48632
UNID_5;1.90637;0.46104
UNID_6;1.83756;0.45067
UNID_7;1.75614;0.44092
UNID_8;1.67852;0.42267
UNID_9;1.56725;0.40699
UNID_10;1.46648;0.3956
UNID_11;1.37342;0.39646
UNID_12;1.23022;0.38632
UNID_13;1.11406;0.39444
UNID_14;1.01237;0.37394
UNID_15;0.82097;0.38065
UNID_16;0.6547;0.33448
UNID_17;0.52121;0.29185
UNID_18;0.41801;0.2993
UNID_19;0.37048;0.31099
ANID_0;2.28648;0.51972
ANID_1;2.22315;0.58937
ANID_2;2.17114;0.61119
ANID_3;2.10038;0.67674
ANID_4;2.04118;0.69631
ANID_5;1.97567;0.75535
ANID_6;1.91102;0.80159
ANID_7;1.8326;0.79794
ANID_8;1.76873;0.87586
ANID_9;1.68513;0.86983
ANID_10;1.62493;0.94736
ANID_11;1.55156;0.98754
ANID_12;1.46295;1.04316
ANID_13;1.37181;1.06913
ANID_14;1.2901;1.06674
ANID_15;1.23062;1.12038
ANID_16;1.16041;1.15118
ANID_17;1.09183;1.17367
ANID_18;1.02032;1.17135
ANID_19;0.94418;1.19411
STID_0;2.29008;0.32317
STID_1;2.28376;0.23865
STID_2;2.23839;0.19001
STID_3;2.23636;0.15927
STID_4;2.17819;0.11747
STID_5;2.16259;0.08864
STID_6;2.12619;0.05314
STID_7;2.09493;0.02172
STID_8;2.09524;-0.01206
STID_9;2.0398;-0.03688
STID_10;2.02754;-0.08798
STID_11;1.98349;-0.10042
STID_12;1.97539;-0.14772
STID_13;1.93279;-0.16787
STID_14;1.92039;-0.22626
STID_15;1.8796;-0.23842
STID_16;1.88011;-0.2909
STID_17;1.82744;-0.30006
STID_18;1.83519;-0.35369
STID_19;1.77501;-0.36857
ANUN_0;0.30393;0.39563
ANUN_1;0.30906;0.43401
ANUN_2;0.29993;0.47514
ANUN_3;0.32305;0.53912
ANUN_4;0.34757;0.5838
ANUN_5;0.36355;0.63591
ANUN_6;0.38242;0.6907
ANUN_7;0.40693;0.74036
ANUN_8;0.42615;0.76734
ANUN_9;0.4534;0.80756
ANUN_10;0.51461;0.83643
ANUN_11;0.52232;0.90856
ANUN_12;0.57785;0.92894
ANUN_13;0.59896;0.99599
ANUN_14;0.64629;1.0033
ANUN_15;0.67115;1.03897
ANUN_16;0.69048;1.09976
ANUN_17;0.73312;1.08986
ANUN_18;0.76167;1.17065
ANUN_19;0.81949;1.15835
STUN_0;0.34446;0.27029
STUN_1;0.39151;0.16553
STUN_2;0.45782;0.1203
STUN_3;0.52216;0.05937
STUN_4;0.62253;0.01371
STUN_5;0.68204;-0.0397
STUN_6;0.81546;-0.01354
STUN_7;0.87323;-0.05958
STUN_8;0.90021;-0.15843
STUN_9;0.97063;-0.18906
STUN_10;1.03505;-0.23369
STUN_11;1.09964;-0.27095
STUN_12;1.16705;-0.30642
STUN_13;1.23466;-0.33704
STUN_14;1.3109;-0.36502
STUN_15;1.37963;-0.37772
STUN_16;1.44344;-0.41034
STUN_17;1.48857;-0.38424
STUN_18;1.60336;-0.41876
STUN_19;1.67429;-0.43502
STAN_0;0.90373;1.19704
STAN_1;0.93484;1.11395
STAN_2;0.96299;1.05558
STAN_3;1.01489;1.00919
STAN_4;1.06993;0.95932
STAN_5;1.09453;0.79735
STAN_6;1.1715;0.75914
STAN_7;1.2362;0.6296
STAN_8;1.30438;0.53889
STAN_9;1.3587;0.38506
STAN_10;1.38401;0.24178
STAN_11;1.42283;0.12739
STAN_12;1.40622;-0.05797
STAN_13;1.43431;-0.14205
STAN_14;1.48246;-0.16232
STAN_15;1.51779;-0.25285
STAN_16;1.55667;-0.28811
STAN_17;1.56792;-0.30501
STAN_18;1.62942;-0.35505
STAN_19;1.67139;-0.38177
